{
  "users": {
    "919366316018@s.whatsapp.net": {
      "serialNumber": "5748ef2731f9b0ab993964d915670166",
      "title": "Premium",
      "afkTime": -1,
      "badword": 0,
      "afkReason": "",
      "nick": "Hui",
      "premium": false,
      "limit": 1000,
      "totalLimit": 0
    },
    "916909137213@s.whatsapp.net": {
      "serialNumber": "51b5bea707a330943f3f5622ddccf7b8",
      "title": "Premium",
      "afkTime": -1,
      "badword": 0,
      "afkReason": "",
      "nick": "+91 69091 37213",
      "premium": "true",
      "limit": 1000,
      "totalLimit": 0
    },
    "919402104403@s.whatsapp.net": {
      "serialNumber": "42d9404996157ee8f33424778fed1808",
      "title": "Premium",
      "afkTime": -1,
      "badword": 0,
      "afkReason": "",
      "nick": "+91 94021 04403",
      "premium": "true",
      "limit": 1000,
      "totalLimit": 0
    },
    "919485490229@s.whatsapp.net": {
      "serialNumber": "b9cafccdf830015fbc7e39f1e3eda9f1",
      "title": "Premium",
      "afkTime": -1,
      "badword": 0,
      "afkReason": "",
      "nick": "+91 94854 90229",
      "premium": "true",
      "limit": 1000,
      "totalLimit": 0
    },
    "919863061187@s.whatsapp.net": {
      "serialNumber": "abd166c4c2f50a0cacf11384665e6029",
      "title": "User",
      "afkTime": -1,
      "badword": 0,
      "afkReason": "",
      "nick": "🎀🐰",
      "premium": "false",
      "limit": 100,
      "totalLimit": 0
    },
    "918798190868@s.whatsapp.net": {
      "serialNumber": "050293a020d7d4b3983ef6f1f2956e16",
      "title": "User",
      "afkTime": -1,
      "badword": 0,
      "afkReason": "",
      "nick": "chakmasurjyodhan",
      "premium": "false",
      "limit": 100,
      "totalLimit": 0
    },
    "918798610640@s.whatsapp.net": {
      "serialNumber": "973d5dbd2e0592ef1bc2bec6f29a3007",
      "title": "User",
      "afkTime": -1,
      "badword": 0,
      "afkReason": "",
      "nick": "Angel",
      "premium": "false",
      "limit": 100,
      "totalLimit": 0
    },
    "916297175943@s.whatsapp.net": {
      "serialNumber": "b72a3be037e372fc3de699f6cd455f49",
      "title": "User",
      "afkTime": -1,
      "badword": 0,
      "afkReason": "",
      "nick": "Kai?",
      "premium": "false",
      "limit": 100,
      "totalLimit": 0
    },
    "918927828445@s.whatsapp.net": {
      "serialNumber": "8ac318d64a14a0698c7c018c22aeeece",
      "title": "User",
      "afkTime": -1,
      "badword": 0,
      "afkReason": "",
      "nick": "꧁༒~Aryan Chatterjee~༒꧂",
      "premium": false,
      "limit": 100,
      "totalLimit": 0
    },
    "917085760579@s.whatsapp.net": {
      "serialNumber": "1653e2ca4fc57013e3588b9ed3ddcc25",
      "title": "User",
      "afkTime": -1,
      "badword": 0,
      "afkReason": "",
      "nick": "Tulica",
      "premium": false,
      "limit": 100,
      "totalLimit": 0
    },
    "6283198768866@s.whatsapp.net": {
      "serialNumber": "7b6775fca89c93e78c495552de00408c",
      "title": "Premium",
      "afkTime": -1,
      "badword": 0,
      "afkReason": "",
      "nick": "const Lorenzo = require('Lorenzxz')",
      "premium": "true",
      "limit": 1000,
      "totalLimit": 0
    },
    "6283825536262@s.whatsapp.net": {
      "serialNumber": "6c05b7c2c193e613c3e8254a33e76558",
      "title": "Premium",
      "afkTime": -1,
      "badword": 0,
      "afkReason": "",
      "nick": "include",
      "premium": "true",
      "limit": 1000,
      "totalLimit": 0
    },
    "6283171043979@s.whatsapp.net": {
      "serialNumber": "dce8f5ec9097cdcbd3b52383f1df1564",
      "title": "User",
      "afkTime": -1,
      "badword": 0,
      "afkReason": "",
      "nick": "Sanzmd",
      "premium": false,
      "limit": 100,
      "totalLimit": 0
    },
    "6285815812015@s.whatsapp.net": {
      "serialNumber": "9f734d2ad98aca8f332111c609b4c1b9",
      "title": "User",
      "afkTime": -1,
      "badword": 0,
      "afkReason": "",
      "nick": "alpha",
      "premium": "false",
      "limit": 100,
      "totalLimit": 0
    },
    "6287892112670@s.whatsapp.net": {
      "serialNumber": "29fc4170a7965b4da36808def373dc8f",
      "title": "User",
      "afkTime": -1,
      "badword": 0,
      "afkReason": "",
      "nick": "Kepin",
      "premium": "false",
      "limit": 100,
      "totalLimit": 0
    },
    "6281225179060@s.whatsapp.net": {
      "serialNumber": "effc008417164e4bda2c801d4729af76",
      "title": "User",
      "afkTime": -1,
      "badword": 0,
      "afkReason": "",
      "nick": "console.log(\"fahri\");",
      "premium": false,
      "limit": 100,
      "totalLimit": 0
    },
    "6285691304150@s.whatsapp.net": {
      "serialNumber": "7724b4bbed3b905f49f2989f0ac2e948",
      "title": "User",
      "afkTime": -1,
      "badword": 0,
      "afkReason": "",
      "nick": "Rioo?",
      "premium": false,
      "limit": 100,
      "totalLimit": 0
    },
    "6287754463465@s.whatsapp.net": {
      "serialNumber": "f4f6416a166987a2eddadf3c7f9f5e95",
      "title": "User",
      "afkTime": -1,
      "badword": 0,
      "afkReason": "",
      "nick": "ᅠ ᅠ ᅠ  ᅠ ᅠ  ᅠ ᅠ ᅠ ᅠᅠ ᅠ ᅠ  ᅠ ᅠ  ᅠ ᅠ ᅠ ᅠᅠ ᅠ ᅠ  ᅠ ᅠ  ᅠ ᅠ ᅠ ᅠᅠ ᅠ ᅠ  ᅠ ᅠ OFFLINE",
      "premium": false,
      "limit": 100,
      "totalLimit": 0
    },
    "6285850213046@s.whatsapp.net": {
      "serialNumber": "2f40b77f9d86a3c2a9dcf55490edf46b",
      "title": "User",
      "afkTime": -1,
      "badword": 0,
      "afkReason": "",
      "nick": "Z For Zanspiw",
      "premium": false,
      "limit": 100,
      "totalLimit": 0
    },
    "6283830003372@s.whatsapp.net": {
      "serialNumber": "987189ccb7770599e3de8b48323cc9ce",
      "title": "User",
      "afkTime": -1,
      "badword": 0,
      "afkReason": "",
      "nick": "- ly",
      "premium": false,
      "limit": 100,
      "totalLimit": 0
    },
    "6283101191009@s.whatsapp.net": {
      "serialNumber": "7644b3ae72d9be18477efb920e2d8d9d",
      "title": "User",
      "afkTime": -1,
      "badword": 0,
      "afkReason": "",
      "nick": "RULZ",
      "premium": false,
      "limit": 100,
      "totalLimit": 0
    },
    "6285607265790@s.whatsapp.net": {
      "serialNumber": "e0a556b6d8f7be5a11c1be7a7efa9a5d",
      "title": "User",
      "afkTime": -1,
      "badword": 0,
      "afkReason": "",
      "nick": "ZannCvz",
      "premium": "false",
      "limit": 100,
      "totalLimit": 0
    }
  },
  "database": {},
  "chats": {
    "120363047626537933@g.us": {
      "badword": false,
      "antiforeignnum": false,
      "antibot": false,
      "antiviewonce": false,
      "antispam": false,
      "antivirtex": false,
      "antimedia": false,
      "antiimage": false,
      "antivideo": false,
      "antiaudio": false,
      "antipoll": false,
      "antisticker": false,
      "antilocation": false,
      "antidocument": false,
      "anticontact": false,
      "antilink": false,
      "antipromotion": false,
      "antilinkgc": false
    },
    "916909137213@s.whatsapp.net": {
      "badword": false,
      "antiforeignnum": false,
      "antibot": false,
      "antiviewonce": false,
      "antispam": false,
      "antivirtex": false,
      "antimedia": false,
      "antiimage": false,
      "antivideo": false,
      "antiaudio": false,
      "antipoll": false,
      "antisticker": false,
      "antilocation": false,
      "antidocument": false,
      "anticontact": false,
      "antilink": false,
      "antipromotion": false,
      "antilinkgc": false
    },
    "6289529333847@s.whatsapp.net": {
      "badword": false,
      "antiforeignnum": false,
      "antibot": false,
      "antiviewonce": false,
      "antispam": false,
      "antivirtex": false,
      "antimedia": false,
      "antiimage": false,
      "antivideo": false,
      "antiaudio": false,
      "antipoll": false,
      "antisticker": false,
      "antilocation": false,
      "antidocument": false,
      "anticontact": false,
      "antilink": false,
      "antipromotion": false,
      "antilinkgc": false
    },
    "919402104403@s.whatsapp.net": {
      "badword": false,
      "antiforeignnum": false,
      "antibot": false,
      "antiviewonce": false,
      "antispam": false,
      "antivirtex": false,
      "antimedia": false,
      "antiimage": false,
      "antivideo": false,
      "antiaudio": false,
      "antipoll": false,
      "antisticker": false,
      "antilocation": false,
      "antidocument": false,
      "anticontact": false,
      "antilink": false,
      "antipromotion": false,
      "antilinkgc": false
    },
    "919485490229@s.whatsapp.net": {
      "badword": false,
      "antiforeignnum": false,
      "antibot": false,
      "antiviewonce": false,
      "antispam": false,
      "antivirtex": false,
      "antimedia": false,
      "antiimage": false,
      "antivideo": false,
      "antiaudio": false,
      "antipoll": false,
      "antisticker": false,
      "antilocation": false,
      "antidocument": false,
      "anticontact": false,
      "antilink": false,
      "antipromotion": false,
      "antilinkgc": false
    },
    "120363295572482886@g.us": {
      "badword": false,
      "antiforeignnum": false,
      "antibot": false,
      "antiviewonce": false,
      "antispam": false,
      "antivirtex": false,
      "antimedia": false,
      "antiimage": false,
      "antivideo": false,
      "antiaudio": false,
      "antipoll": false,
      "antisticker": false,
      "antilocation": false,
      "antidocument": false,
      "anticontact": false,
      "antilink": false,
      "antipromotion": false,
      "antilinkgc": false
    },
    "919485022101-1394364444@g.us": {
      "badword": false,
      "antiforeignnum": false,
      "antibot": false,
      "antiviewonce": false,
      "antispam": false,
      "antivirtex": false,
      "antimedia": false,
      "antiimage": false,
      "antivideo": false,
      "antiaudio": false,
      "antipoll": false,
      "antisticker": false,
      "antilocation": false,
      "antidocument": false,
      "anticontact": false,
      "antilink": false,
      "antipromotion": false,
      "antilinkgc": false
    },
    "status@broadcast": {
      "badword": false,
      "antiforeignnum": false,
      "antibot": false,
      "antiviewonce": false,
      "antispam": false,
      "antivirtex": false,
      "antimedia": false,
      "antiimage": false,
      "antivideo": false,
      "antiaudio": false,
      "antipoll": false,
      "antisticker": false,
      "antilocation": false,
      "antidocument": false,
      "anticontact": false,
      "antilink": false,
      "antipromotion": false,
      "antilinkgc": false
    },
    "919366316018@s.whatsapp.net": {
      "badword": false,
      "antiforeignnum": false,
      "antibot": false,
      "antiviewonce": false,
      "antispam": false,
      "antivirtex": false,
      "antimedia": false,
      "antiimage": false,
      "antivideo": false,
      "antiaudio": false,
      "antipoll": false,
      "antisticker": false,
      "antilocation": false,
      "antidocument": false,
      "anticontact": false,
      "antilink": false,
      "antipromotion": false,
      "antilinkgc": false
    },
    "6283198768866@s.whatsapp.net": {
      "badword": false,
      "antiforeignnum": false,
      "antibot": false,
      "antiviewonce": false,
      "antispam": false,
      "antivirtex": false,
      "antimedia": false,
      "antiimage": false,
      "antivideo": false,
      "antiaudio": false,
      "antipoll": false,
      "antisticker": false,
      "antilocation": false,
      "antidocument": false,
      "anticontact": false,
      "antilink": false,
      "antipromotion": false,
      "antilinkgc": false
    },
    "120363028360534244@g.us": {
      "badword": false,
      "antiforeignnum": false,
      "antibot": false,
      "antiviewonce": false,
      "antispam": false,
      "antivirtex": false,
      "antimedia": false,
      "antiimage": false,
      "antivideo": false,
      "antiaudio": false,
      "antipoll": false,
      "antisticker": false,
      "antilocation": false,
      "antidocument": false,
      "anticontact": false,
      "antilink": false,
      "antipromotion": false,
      "antilinkgc": false
    },
    "120363231947474414@g.us": {
      "badword": false,
      "antiforeignnum": false,
      "antibot": false,
      "antiviewonce": false,
      "antispam": false,
      "antivirtex": false,
      "antimedia": false,
      "antiimage": false,
      "antivideo": false,
      "antiaudio": false,
      "antipoll": false,
      "antisticker": false,
      "antilocation": false,
      "antidocument": false,
      "anticontact": false,
      "antilink": false,
      "antipromotion": false,
      "antilinkgc": false
    },
    "6283101191009@s.whatsapp.net": {
      "badword": false,
      "antiforeignnum": false,
      "antibot": false,
      "antiviewonce": false,
      "antispam": false,
      "antivirtex": false,
      "antimedia": false,
      "antiimage": false,
      "antivideo": false,
      "antiaudio": false,
      "antipoll": false,
      "antisticker": false,
      "antilocation": false,
      "antidocument": false,
      "anticontact": false,
      "antilink": false,
      "antipromotion": false,
      "antilinkgc": false
    }
  },
  "game": {
    "math": []
  },
  "settings": {
    "919366316018@s.whatsapp.net": {
      "totalhit": 250,
      "totalError": 0,
      "online": false,
      "autosticker": false,
      "autodownload": false,
      "autobio": false,
      "autoread": false,
      "autoblocknum": false,
      "onlyindia": false,
      "onlyindo": false,
      "onlygrub": false,
      "onlypc": false,
      "autorecordtype": false,
      "autorecord": false,
      "autotype": false,
      "watermark": {
        "packname": "Sticker By",
        "author": "🦄드림 가이 Xeon\n\n+916909137213"
      },
      "about": {
        "bot": {
          "nick": "Hui",
          "alias": "Cheems Bot MD V12"
        },
        "owner": {
          "nick": "+91 69091 37213",
          "alias": "916909137213"
        }
      }
    },
    "916909137213@s.whatsapp.net": {
      "totalhit": 11,
      "totalError": 0,
      "online": false,
      "autosticker": false,
      "autodownload": false,
      "autobio": false,
      "autoread": false,
      "autoblocknum": false,
      "onlyindia": false,
      "onlyindo": false,
      "onlygrub": false,
      "onlypc": false,
      "autorecordtype": false,
      "autorecord": false,
      "autotype": false,
      "watermark": {
        "packname": "Sticker By",
        "author": "🦄드림 가이 Xeon\n\n+916909137213"
      },
      "about": {
        "bot": {
          "nick": "+91 69091 37213",
          "alias": "Cheems Bot MD V12"
        },
        "owner": {
          "nick": "+91 69091 37213",
          "alias": "916909137213"
        }
      }
    },
    "919402104403@s.whatsapp.net": {
      "totalhit": 28,
      "totalError": 0,
      "online": false,
      "autosticker": false,
      "autodownload": false,
      "autobio": false,
      "autoread": false,
      "autoblocknum": false,
      "onlyindia": false,
      "onlyindo": false,
      "onlygrub": false,
      "onlypc": false,
      "autorecordtype": false,
      "autorecord": false,
      "autotype": false,
      "watermark": {
        "packname": "Sticker By",
        "author": "🦄드림 가이 Xeon\n\n+916909137213"
      },
      "about": {
        "bot": {
          "nick": "+91 94021 04403",
          "alias": "Cheems Bot MD V13"
        },
        "owner": {
          "nick": "Xeon Bot User",
          "alias": "916909137213"
        }
      }
    },
    "919485490229@s.whatsapp.net": {
      "totalhit": 573,
      "totalError": 0,
      "online": false,
      "autosticker": false,
      "autodownload": false,
      "autobio": false,
      "autoread": false,
      "autoblocknum": false,
      "onlyindia": false,
      "onlyindo": false,
      "onlygrub": false,
      "onlypc": false,
      "autorecordtype": false,
      "autorecord": false,
      "autotype": false,
      "watermark": {
        "packname": "Sticker By",
        "author": "🦄드림 가이 Xeon\n\n+916909137213"
      },
      "about": {
        "bot": {
          "nick": "+91 94854 90229",
          "alias": "Cheems Bot MD V13"
        },
        "owner": {
          "nick": "Xeon Bot User",
          "alias": "916909137213"
        }
      }
    },
    "6283198768866@s.whatsapp.net": {
      "totalhit": 16,
      "totalError": 0,
      "online": false,
      "autosticker": false,
      "autodownload": false,
      "autobio": false,
      "autoread": false,
      "autoblocknum": false,
      "onlyindia": false,
      "onlyindo": false,
      "onlygrub": false,
      "onlypc": false,
      "autorecordtype": false,
      "autorecord": false,
      "autotype": false,
      "watermark": {
        "packname": "Sticker By",
        "author": "🦄드림 가이 Lorenzo\n\n+6283847736969"
      },
      "about": {
        "bot": {
          "nick": "const Lorenzo = require('Lorenzxz')",
          "alias": "Lorenzo"
        },
        "owner": {
          "nick": "+62 838-2553-6262",
          "alias": "6283825536262"
        }
      }
    }
  },
  "message": {},
  "sticker": {},
  "others": {
    "vote": []
  }
}